id,id_farmacia,id_client,name_client,product_id,product_name,quantity,price,total_price,date
0,10,755-42-6263,Mr. Alexander Burton,28,Rockstar Punched Fruit Punch Flavor Energy Drink,8,6.99,55.92,17-12-2022
1,11,360-62-6723,Nathaniel Smith,96,SlimFast Advanced Nutrition High Protein Smoothie Vanilla Cream,2,14.49,28.98,30-12-2022
2,0,717-70-6411,Kelly Boyd,29,SlimFast Advanced Nutrition High Protein Smoothie Vanilla Cream,28,14.49,405.72,05-11-2022
3,13,479-88-9081,John Jones,81,Similac NeoSure Infant Formula with Iron 13.1 oz,3,22.99,68.97,15-12-2022
4,7,347-59-3016,Christy Gonzalez,149,Garnier Fructis Sleek & Shine Moroccan Sleek Oil Treatment for Frizzy Hair,22,5.29,116.38,22-10-2022
5,10,150-57-2599,Claire Davidson,198,"Wearever Reusable Women's Super Incontinence Panty Beige, Beige",7,19.99,139.92999999999998,10-10-2022
6,8,324-93-8298,Andrew Myers,19,Walgreens Hand Sanitizer Clear,24,4.79,114.96000000000001,24-11-2022
7,14,360-62-6723,Nathaniel Smith,6,Tranquility Premium Daytime Disposable Absorbent Underwear XXL,26,79.0,2054.0,11-12-2022
8,13,587-85-5236,Jordan Martinez,132,"Johnson's Baby Tear-Free Bedtime Bath, Soothing Aromas",13,7.29,94.77,06-12-2022
9,10,015-77-8712,Oscar Harrell,112,Bounty Essentials Select-A-Size Paper Towels Big Rolls White,22,8.49,186.78,16-12-2022
10,6,593-54-0680,Brenda Werner,5,Colgate Optic White Advanced Teeth Whitening Toothpaste Sparkling White,18,6.79,122.22,07-10-2022
11,14,322-04-7112,Russell Williams,43,Walgreens Hand Sanitizer Clear,28,4.79,134.12,15-11-2022
12,9,213-01-3356,Monique Santana,96,SlimFast Advanced Nutrition High Protein Smoothie Vanilla Cream,29,14.49,420.21,31-12-2022
13,1,356-30-1860,Amber Wallace,85,Schmidt's Natural Deodorant Stick Sage + Vetiver,7,9.99,69.93,23-11-2022
14,13,499-32-1224,Manuel Wright,10,21st Century Acidophilus High-Potency Capsules,15,9.99,149.85,08-12-2022
15,1,796-99-4676,Patricia Mcdonald,129,Walgreens Pocket 5X LED Magnifier With Sleeve,15,6.99,104.85000000000001,29-11-2022
16,10,823-79-7106,Jerry Smith,121,"essie nail polish, sunny business collection, any-fin goes",8,9.0,72.0,13-10-2022
17,3,032-44-8823,Matthew Powers,93,West Loop Men's Thermal Set,5,15.99,79.95,28-10-2022
18,13,754-37-5492,Rebekah Sloan,116,Foligain Stimulating Supplement for Thinning Hair,2,24.99,49.98,28-09-2022
19,7,823-79-7106,Jerry Smith,144,Vichy Mineral Thermal Spa Water Spray from French Volcanoes,30,4.09,122.69999999999999,11-11-2022
20,8,352-57-3702,Michael Torres,67,Scotch Desktop Tape Dispenser,15,9.99,149.85,19-10-2022
21,13,394-47-7605,Kristina Jenkins,75,"NeoCell Beauty Bursts Collagen Soft Chews 2,000 mg Collagen Types 1 & 3 Fruit Punch",4,19.95,79.8,05-11-2022
22,12,069-08-5652,Jenny Stafford,35,Vichy Mineral Thermal Spa Water Spray from French Volcanoes,21,4.09,85.89,27-09-2022
23,13,330-51-1748,Sarah Thomas,150,"Maybelline Volum' Express The Mega Plush Washable Mascara, Very Black",17,8.99,152.83,15-10-2022
24,0,486-44-5631,Brian Jimenez,103,Method All Purpose Cleaning Wipes Pink Grapefruit,17,3.99,67.83,18-12-2022
25,12,254-21-3037,Brian Perry,182,Milani Mascara Highly Rated Mascara Mini,22,6.99,153.78,03-10-2022
26,14,200-65-3875,Latoya Harrington,143,"Philips Norelco Shaving Head Replacement, Reflex Plus MicroAction",11,33.99,373.89000000000004,28-12-2022
27,5,142-80-8421,Melissa Miller,175,"L'Oreal Paris Infallible Pro Gloss Plump Lip Gloss with Hyaluronic Acid, Gleam",0,9.99,0.0,20-10-2022
28,3,502-43-3613,Jeff Ferguson,79,Rayovac Hearing Aid Batteries,8,14.99,119.92,18-10-2022
29,0,615-94-1814,Kimberly Wood,90,"Burt's Bees 100% Natural Origin Moisturizing Lip Balm Original Beeswax with Vitamin E & Peppermint Oil, Beeswax, 4 Tubes",30,9.59,287.7,24-11-2022
30,14,133-41-4597,Paula Chavez,23,Dove Advanced Care Dry Spray Antiperspirant Deodorant Crystal Touch,2,8.49,16.98,29-10-2022
31,9,320-73-0469,Chad Clark Jr.,57,St. Tropez Self Tan Bronzing Spray,23,35.0,805.0,06-11-2022
32,6,417-13-2524,Kevin Walters,59,Snow Regular Strength Whitening Wands Refill - Silver,9,19.99,179.91,15-10-2022
33,11,479-88-9081,John Jones,168,OH K! SOS Blemish Patches,28,5.0,140.0,29-12-2022
34,5,332-83-0381,Marco David,98,Gillette Sensor Razor Refill Cartridges,19,26.99,512.81,06-10-2022
35,13,726-33-4248,Joyce Kent,102,"Doctor's Best Best Vitamin D3, 2000 IU, Softgels",11,10.99,120.89,23-11-2022
36,13,044-55-7149,Theresa Schwartz,58,Schmidt's Natural Deodorant Stick Sage + Vetiver,20,9.99,199.8,19-12-2022
37,5,361-95-6193,Robert Page,110,Ella + Mila Take It Off Cuticle Remover,8,10.49,83.92,04-11-2022
38,6,332-83-0381,Marco David,26,AXE Body Wash Apollo,15,5.49,82.35000000000001,27-10-2022
39,1,125-20-9088,John Jacobs,39,Raid Essentials Multi-Insect Killer 29,11,9.49,104.39,21-10-2022
40,11,182-89-3771,Lee Mcgee,86,OGX Argan Oil of Morocco Dry Shampoo,15,8.99,134.85,19-10-2022
41,1,506-37-5492,Ann Williams,99,Walgreens Hearing Aid Batteries 10,14,8.99,125.86,24-11-2022
42,7,557-28-4898,William Bowen,158,Mom's Best Naturals Sweetened Wheatfuls Cereal,7,3.49,24.43,15-12-2022
43,6,869-14-9914,Amber Hernandez,79,Rayovac Hearing Aid Batteries,15,14.99,224.85,19-10-2022
44,5,864-57-4386,Travis Fritz,175,"L'Oreal Paris Infallible Pro Gloss Plump Lip Gloss with Hyaluronic Acid, Gleam",0,9.99,0.0,01-10-2022
45,7,622-46-3445,Austin Davis,100,"Tomcat Mouse Killer Child Resistant, Disposable Station",28,9.99,279.72,19-10-2022
46,13,892-99-8938,Nathaniel Gamble,12,Laci Le Beau Super Dieter's Tea Bags Cinnamon Spice,18,9.99,179.82,27-12-2022
47,0,271-14-2248,David Warren,23,Dove Advanced Care Dry Spray Antiperspirant Deodorant Crystal Touch,8,8.49,67.92,15-10-2022
48,11,247-11-8580,Stephanie Rodriguez,45,Walgreens Total Face Brush Set,3,10.99,32.97,13-10-2022
49,12,841-13-4922,Heather Cummings,7,"essie nail polish, sunny business collection, any-fin goes",7,9.0,63.0,25-09-2022
50,0,668-14-1912,Brianna Howard,136,Melissa & Doug Bead Maze,0,34.99,0.0,06-10-2022
51,1,601-32-3439,Pamela Brown,20,Method All Purpose Cleaning Wipes Pink Grapefruit,23,3.99,91.77000000000001,18-11-2022
52,3,865-50-6891,Vincent Tucker,133,Chef Boyardee Chili Mac,28,3.0,84.0,08-12-2022
53,13,820-20-3487,Charlene Taylor,17,Finest Nutrition Ginkgo Biloba 120 mg Capsules,17,12.99,220.83,12-10-2022
54,14,620-32-1455,Summer Carter,58,Schmidt's Natural Deodorant Stick Sage + Vetiver,29,9.99,289.71,12-11-2022
55,6,296-91-5055,Latoya Evans,0,"Waterpik Tip Storage Case with 6 Replacement Tips, TS-100E",13,15.99,207.87,16-10-2022
56,6,515-05-9403,Robert Holmes,157,Sally Hansen Flirty Eyes Classic Eyelash Curler,30,3.99,119.7,24-10-2022
57,0,782-56-6377,Daniel Wong,88,Walgreens Total Face Brush Set,22,10.99,241.78,06-11-2022
58,13,533-93-0427,Karen Taylor,173,Laci Le Beau Super Dieter's Tea Bags Cinnamon Spice,14,9.99,139.86,11-12-2022
59,2,645-94-6871,Alan Reid,23,Dove Advanced Care Dry Spray Antiperspirant Deodorant Crystal Touch,8,8.49,67.92,03-10-2022
60,11,758-05-4161,Lauren Parsons,69,Bud's Best Peanut Butter n' Graham,0,1.0,0.0,17-12-2022
61,2,252-61-6255,James Brewer,97,Caudalie Resveratrol LIFT Face Lifting Soft Cream,6,76.0,456.0,02-12-2022
62,10,404-69-9752,Steven Gordon,51,Paul Mitchell Sculpting Gel,13,11.0,143.0,24-11-2022
63,8,726-33-4248,Joyce Kent,143,"Philips Norelco Shaving Head Replacement, Reflex Plus MicroAction",3,33.99,101.97,17-12-2022
64,14,296-91-5055,Latoya Evans,31,Foster Grant Cole Reading Glasses +3.25 Black,16,19.99,319.84,16-11-2022
65,7,544-83-8024,Joshua Jones,116,Foligain Stimulating Supplement for Thinning Hair,17,24.99,424.83,02-11-2022
66,2,429-47-1596,David Gibbs,65,Aussie Headstrong Volume Spray Hair Gel Maximum Hold,12,3.99,47.88,30-09-2022
67,9,149-90-5856,Dalton Joseph,85,Schmidt's Natural Deodorant Stick Sage + Vetiver,26,9.99,259.74,19-10-2022
68,7,791-91-8866,Mary Torres,89,Karman 20in Seat Lightweight Reclining Transport Wheelchair,15,1238.0,18570.0,28-12-2022
69,14,177-05-5910,Elizabeth Charles,6,Tranquility Premium Daytime Disposable Absorbent Underwear XXL,14,79.0,1106.0,21-12-2022
70,14,823-70-7340,Willie Golden,141,Walgreens Wal-Nadol Acetaminophen 500 mg Pain Reliever/Fever Reducer Caplets,12,2.69,32.28,26-12-2022
71,12,125-20-9088,John Jacobs,57,St. Tropez Self Tan Bronzing Spray,13,35.0,455.0,20-10-2022
72,4,508-27-8008,Megan Sullivan,121,"essie nail polish, sunny business collection, any-fin goes",4,9.0,36.0,19-10-2022
73,7,479-57-6026,Keith Jones,92,"Doctor's Best Best Vitamin D3, 2000 IU, Softgels",20,10.99,219.8,21-11-2022
74,9,870-22-8473,Matthew Kim,133,Chef Boyardee Chili Mac,21,3.0,63.0,01-10-2022
75,3,362-65-6122,Aaron Scott,132,"Johnson's Baby Tear-Free Bedtime Bath, Soothing Aromas",20,7.29,145.8,15-12-2022
76,1,419-02-6836,Stephanie Alexander,39,Raid Essentials Multi-Insect Killer 29,10,9.49,94.9,24-09-2022
77,5,473-73-3616,Kathryn Tucker,196,ScarAway Silicone Scar Sheets 1.5 inch x 3 inch 1.5x3 inch,28,21.99,615.7199999999999,18-11-2022
78,6,801-42-0576,Adrian Pratt,105,Finest Nutrition Advanced Glucosamine & Chondroitin Plus UC-II,15,37.99,569.85,14-10-2022
79,2,886-29-8133,Keith Brooks,12,Laci Le Beau Super Dieter's Tea Bags Cinnamon Spice,25,9.99,249.75,31-12-2022
80,12,393-84-8687,Victoria Kemp,194,"Waterpik Sidekick Water Flosser, White with Chrome White With Chrome",21,129.99,2729.79,25-11-2022
81,3,247-11-8580,Stephanie Rodriguez,46,Walgreens Clear Tape 1 inch,16,6.0,96.0,28-11-2022
82,11,782-56-6377,Daniel Wong,111,Summer's Eve Fresh Scent Douche Fresh,4,4.49,17.96,10-12-2022
83,11,242-97-0278,Andrew Hall,169,Vicks Severe Medicated Drops,18,3.99,71.82000000000001,17-10-2022
84,9,135-93-9775,Ashley Young,8,Snow Regular Strength Whitening Wands Refill - Silver,7,19.99,139.92999999999998,21-11-2022
85,14,622-46-3445,Austin Davis,142,"Culturelle Ultimate Strength Probiotic, 20 Billion CFUs, Capsules",23,21.29,489.66999999999996,15-10-2022
86,0,673-01-2982,Kelly Cook,15,Ja-Ru Flarp! Noise Putty,4,5.99,23.96,21-10-2022
87,7,321-19-1155,Andrew Newman,169,Vicks Severe Medicated Drops,21,3.99,83.79,03-10-2022
88,13,645-94-6871,Alan Reid,108,"One A Day Prenatal 1 with DHA & Folic Acid, Softgels",29,34.99,1014.71,11-12-2022
89,10,558-62-5616,April Jensen,174,Cheez-It Baked Snack Cheese Crackers in a Cup Original,10,1.99,19.9,22-11-2022
90,10,502-58-2014,Christopher Williams,41,Biore Deep Cleansing Charcoal Pore Strips,11,16.99,186.89,30-11-2022
91,13,898-97-7763,Robert Blair,183,"Wet n Wild MegaLast Liquid Catsuit High-Shine Lipstick, Peach Stole My Look",14,5.49,76.86,09-11-2022
92,7,622-46-3445,Austin Davis,119,Hallmark Thinking of You Card (Brighten Your Day Flower Pattern),2,4.59,9.18,08-10-2022
93,3,505-02-4106,James Graham,192,Nautica Midnight Voyage Fragrance Set,4,36.0,144.0,09-11-2022
94,7,032-44-8823,Matthew Powers,53,"Poise Pads, Light Absorbency, Long",28,6.49,181.72,06-11-2022
95,11,735-11-2481,Heather Johnson,5,Colgate Optic White Advanced Teeth Whitening Toothpaste Sparkling White,12,6.79,81.48,16-10-2022
96,1,418-50-0307,Gregory Elliott,149,Garnier Fructis Sleek & Shine Moroccan Sleek Oil Treatment for Frizzy Hair,18,5.29,95.22,30-12-2022
97,6,032-44-8823,Matthew Powers,53,"Poise Pads, Light Absorbency, Long",20,6.49,129.8,20-09-2022
98,10,252-61-6255,James Brewer,135,"Tide +Downy Free, Liquid Laundry Detergent, Unscented",20,12.99,259.8,21-11-2022
99,4,707-09-7596,Andrea Rodriguez,139,Gillette Sensor 2 Disposable Razors,17,6.79,115.43,28-09-2022
100,1,242-97-0278,Andrew Hall,192,Nautica Midnight Voyage Fragrance Set,0,36.0,0.0,16-10-2022
101,6,464-72-9958,Patricia Cochran,79,Rayovac Hearing Aid Batteries,2,14.99,29.98,24-12-2022
102,0,526-43-9776,Stephanie Young MD,157,Sally Hansen Flirty Eyes Classic Eyelash Curler,30,3.99,119.7,23-09-2022
103,9,755-42-6263,Mr. Alexander Burton,94,think! Protein Bars Creamy Peanut Butter,4,11.99,47.96,18-11-2022
104,4,394-47-7605,Kristina Jenkins,151,Baby Bum Bubble Bath Natural Fragrance,14,9.99,139.86,25-10-2022
105,14,883-07-8577,Andrea Smith,97,Caudalie Resveratrol LIFT Face Lifting Soft Cream,12,76.0,912.0,24-12-2022
106,8,393-84-8687,Victoria Kemp,58,Schmidt's Natural Deodorant Stick Sage + Vetiver,26,9.99,259.74,04-12-2022
107,4,779-50-5792,Brandi Jimenez,11,"Vicks VapoCOOL Severe, Medicated Drops",4,5.99,23.96,30-10-2022
108,10,591-07-6759,Taylor Johnson,144,Vichy Mineral Thermal Spa Water Spray from French Volcanoes,15,4.09,61.349999999999994,28-09-2022
109,8,198-92-8017,Jennifer Moore,111,Summer's Eve Fresh Scent Douche Fresh,10,4.49,44.900000000000006,08-11-2022
110,11,052-54-3081,Tonya Irwin,29,SlimFast Advanced Nutrition High Protein Smoothie Vanilla Cream,13,14.49,188.37,06-12-2022
111,10,807-04-6861,Thomas Cook,194,"Waterpik Sidekick Water Flosser, White with Chrome White With Chrome",4,129.99,519.96,23-09-2022
112,1,892-99-8938,Nathaniel Gamble,63,"Culturelle Ultimate Strength Probiotic, 20 Billion CFUs, Capsules",1,21.29,21.29,09-12-2022
113,4,593-54-0680,Brenda Werner,98,Gillette Sensor Razor Refill Cartridges,3,26.99,80.97,03-11-2022
114,4,504-48-4815,Dennis Rodriguez,157,Sally Hansen Flirty Eyes Classic Eyelash Curler,25,3.99,99.75,10-12-2022
115,3,382-44-9296,Christina Butler,138,YourGoodSkin ProVitamin Overnight Cream,1,12.99,12.99,02-11-2022
116,8,324-93-8298,Andrew Myers,3,Bourjois 1 Seconde 2ea 04 Taupe Classy,5,11.99,59.95,22-11-2022
117,13,653-58-6204,Megan Baxter,163,Walgreens Deep Cleansing Pore Strips,27,5.99,161.73000000000002,23-10-2022
118,5,330-51-1748,Sarah Thomas,88,Walgreens Total Face Brush Set,3,10.99,32.97,07-12-2022
119,8,429-47-1596,David Gibbs,194,"Waterpik Sidekick Water Flosser, White with Chrome White With Chrome",2,129.99,259.98,22-10-2022
120,9,738-69-5790,Sean Hernandez,133,Chef Boyardee Chili Mac,2,3.0,6.0,04-12-2022
121,2,446-46-4945,Michael Johnson,8,Snow Regular Strength Whitening Wands Refill - Silver,16,19.99,319.84,29-12-2022
122,3,129-43-9396,Christina Walker,24,Jennifer Aniston Beachscape Fruit,17,43.99,747.83,19-12-2022
123,3,226-97-1857,Tiffany Long,177,Paul Mitchell Soft Sculpting Spray Gel,21,10.0,210.0,19-10-2022
124,6,854-26-9971,John Alexander,155,Mueller Performance Sleeve Black,22,12.99,285.78000000000003,24-12-2022
125,7,728-44-8950,Brandon Smith,40,Hallmark Thinking of You Card (Brighten Your Day Flower Pattern),8,4.59,36.72,21-12-2022
126,14,728-44-8950,Brandon Smith,140,Studio 35 Dead Sea Mineral Face Mask,27,4.0,108.0,15-10-2022
127,3,678-15-9433,Jennifer Tyler,80,Karman Universal Foam Seat Cushion 18x16 inches Black,4,29.99,119.96,25-10-2022
128,8,865-50-6891,Vincent Tucker,21,Fritos Corn Chips The Original,21,1.79,37.59,31-10-2022
129,4,149-55-3370,Lori Lee,8,Snow Regular Strength Whitening Wands Refill - Silver,2,19.99,39.98,07-12-2022
130,0,491-21-1747,Kara Quinn,29,SlimFast Advanced Nutrition High Protein Smoothie Vanilla Cream,5,14.49,72.45,20-12-2022
131,4,854-26-9971,John Alexander,131,Medline Deluxe Comfort Rollator,17,110.0,1870.0,03-11-2022
132,13,160-56-8043,Lee Lee,22,"Walgreens Hearing Aid Batteries, Zero Mercury #675",13,17.99,233.86999999999998,23-11-2022
133,8,733-95-1871,Amanda Quinn,31,Foster Grant Cole Reading Glasses +3.25 Black,2,19.99,39.98,04-12-2022
134,7,149-55-3370,Lori Lee,44,Medline Deluxe Comfort Rollator,9,110.0,990.0,20-10-2022
135,10,339-15-4637,Annette Baxter,172,West Loop Sunglasses Brothers,22,12.99,285.78000000000003,26-10-2022
136,0,653-58-6204,Megan Baxter,2,Degree Deodorant Wipes Cool Rush,20,6.49,129.8,24-10-2022
137,1,292-49-9961,Kathryn Lucas,81,Similac NeoSure Infant Formula with Iron 13.1 oz,17,22.99,390.83,12-12-2022
138,4,346-84-2037,Michelle Phillips,181,"Jergens Face Moisturizer Self Tanner, SPF 20 Medium toTan",7,10.79,75.53,17-12-2022
139,8,781-65-1844,Haley Fuller,66,Spectrum Essentials Organic Ground Chia Seed Omega-3 & Fiber,19,13.99,265.81,27-09-2022
140,12,322-04-7112,Russell Williams,107,PetShoppe Retractable Pet Leash,8,9.99,79.92,03-12-2022
141,3,442-77-6471,Susan Chambers,80,Karman Universal Foam Seat Cushion 18x16 inches Black,29,29.99,869.7099999999999,27-11-2022
142,7,160-56-8043,Lee Lee,181,"Jergens Face Moisturizer Self Tanner, SPF 20 Medium toTan",3,10.79,32.37,13-11-2022
143,5,360-62-6723,Nathaniel Smith,133,Chef Boyardee Chili Mac,1,3.0,3.0,19-10-2022
144,11,508-27-8008,Megan Sullivan,98,Gillette Sensor Razor Refill Cartridges,0,26.99,0.0,20-10-2022
145,1,675-58-9719,Frances Short,25,Aquaphor 3 in 1 Diaper Rash Cream,26,7.99,207.74,13-10-2022
146,14,879-07-8776,Rachel Garrison,112,Bounty Essentials Select-A-Size Paper Towels Big Rolls White,0,8.49,0.0,25-12-2022
147,5,792-20-8330,Linda Dickson,105,Finest Nutrition Advanced Glucosamine & Chondroitin Plus UC-II,3,37.99,113.97,26-11-2022
148,3,607-73-3307,Kathy Mcintyre,72,Medline Overbed Table,8,72.49,579.92,10-11-2022
149,6,044-55-7149,Theresa Schwartz,178,"Doctor's Best Best Vitamin D3, 2000 IU, Softgels",29,10.99,318.71,27-09-2022
150,2,226-88-0966,Kayla Herrera,91,Carol's Daughter Goddess Strength Divine Strength Leave in Cream With Castor Oil,6,13.99,83.94,21-10-2022
151,2,382-27-4160,Michael Ruiz,77,Zantac 360 Famotidine Tablets 20 mg,25,5.79,144.75,08-10-2022
152,2,324-93-8298,Andrew Myers,64,RXBAR Minis Protein Bar Variety Pack,17,10.99,186.83,23-09-2022
153,2,620-32-1455,Summer Carter,184,Walgreens Foundation Brush,13,3.99,51.870000000000005,19-12-2022
154,2,755-29-0067,Samantha Yang,194,"Waterpik Sidekick Water Flosser, White with Chrome White With Chrome",17,129.99,2209.83,06-10-2022
155,14,672-64-9761,Shannon Johns,174,Cheez-It Baked Snack Cheese Crackers in a Cup Original,5,1.99,9.95,24-12-2022
156,3,226-88-0966,Kayla Herrera,198,"Wearever Reusable Women's Super Incontinence Panty Beige, Beige",9,19.99,179.91,31-12-2022
157,13,081-43-0749,Brandy Gill,184,Walgreens Foundation Brush,14,3.99,55.86,30-12-2022
158,14,601-32-3439,Pamela Brown,15,Ja-Ru Flarp! Noise Putty,13,5.99,77.87,11-10-2022
159,6,149-90-5856,Dalton Joseph,99,Walgreens Hearing Aid Batteries 10,6,8.99,53.94,08-11-2022
160,8,792-20-8330,Linda Dickson,126,Bud's Best Sandwich Cookie Caco,3,1.0,3.0,06-10-2022
161,13,240-48-7869,Christopher Pacheco,136,Melissa & Doug Bead Maze,0,34.99,0.0,30-09-2022
162,0,755-29-0067,Samantha Yang,190,Foster Grant Cole Reading Glasses +3.25 Black,12,19.99,239.88,16-11-2022
163,10,473-34-8944,Jerry Smith,105,Finest Nutrition Advanced Glucosamine & Chondroitin Plus UC-II,11,37.99,417.89000000000004,13-12-2022
164,6,295-81-2541,Sandra Burns,185,"Tide +Downy Free, Liquid Laundry Detergent, Unscented",2,12.99,25.98,26-12-2022
165,2,755-29-0067,Samantha Yang,189,OH K! SOS Blemish Patches,6,5.0,30.0,25-09-2022
166,12,213-01-3356,Monique Santana,130,Celeste Stein Box 8-15 mmhg Compression Sock Grey,25,5.99,149.75,28-09-2022
167,11,125-20-9088,John Jacobs,63,"Culturelle Ultimate Strength Probiotic, 20 Billion CFUs, Capsules",14,21.29,298.06,19-12-2022
168,12,807-04-6861,Thomas Cook,153,"Jergens Face Moisturizer Self Tanner, SPF 20 Medium toTan",20,10.79,215.79999999999998,24-11-2022
169,4,646-43-3120,Nicholas Wilson,153,"Jergens Face Moisturizer Self Tanner, SPF 20 Medium toTan",4,10.79,43.16,03-11-2022
170,10,361-95-6193,Robert Page,93,West Loop Men's Thermal Set,26,15.99,415.74,28-10-2022
171,8,442-77-6471,Susan Chambers,34,Boost High Protein Complete Nutritional Drink Chocolate Sensation,0,17.49,0.0,20-11-2022
172,12,601-32-3439,Pamela Brown,155,Mueller Performance Sleeve Black,12,12.99,155.88,02-11-2022
173,7,894-06-2822,Heather Burgess,112,Bounty Essentials Select-A-Size Paper Towels Big Rolls White,4,8.49,33.96,19-11-2022
174,13,815-14-1259,Lisa Guerrero,179,ScarAway Silicone Scar Sheets 1.5 inch x 3 inch 1.5x3 inch,29,21.99,637.7099999999999,01-11-2022
175,5,707-09-7596,Andrea Rodriguez,101,"Milani Rose Powder Blush, Romantic Rose",18,9.49,170.82,10-11-2022
176,11,663-94-1749,Jay Allen,76,Colgate Optic White Advanced Teeth Whitening Toothpaste Sparkling White,21,6.79,142.59,25-12-2022
177,9,514-37-7970,Ernest Nunez,48,"Milani Rose Powder Blush, Romantic Rose",13,9.49,123.37,17-10-2022
178,4,875-53-8769,Brian Henderson DDS,42,West Loop Sunglasses Brothers,16,12.99,207.84,07-10-2022
179,12,645-94-6871,Alan Reid,193,Swiffer WetJet Multi Surface Floor Cleaner Spray Mop Pad Refill,28,13.49,377.72,27-11-2022
180,12,008-39-4585,Alexandra Williamson,165,West Loop Sunglasses Brothers,15,12.99,194.85,02-11-2022
181,4,658-72-6594,Shawn Miller,77,Zantac 360 Famotidine Tablets 20 mg,14,5.79,81.06,12-12-2022
182,8,442-88-6833,Thomas Rivers,186,Walgreens Foundation Brush,6,3.99,23.94,22-10-2022
183,7,147-96-8119,Marc Johnson,4,Dr. Collins Dental Floss,6,3.29,19.740000000000002,05-12-2022
184,1,530-82-6065,Brianna Romero,0,"Waterpik Tip Storage Case with 6 Replacement Tips, TS-100E",26,15.99,415.74,17-10-2022
185,14,575-54-1109,Brian Jones,158,Mom's Best Naturals Sweetened Wheatfuls Cereal,5,3.49,17.450000000000003,13-12-2022
186,5,796-99-4676,Patricia Mcdonald,2,Degree Deodorant Wipes Cool Rush,21,6.49,136.29,13-12-2022
187,0,081-43-0749,Brandy Gill,155,Mueller Performance Sleeve Black,29,12.99,376.71,11-10-2022
188,13,402-21-2521,Jane Wallace,60,Thayers Witch Hazel Blemish Clearing Cleanser,12,14.99,179.88,22-11-2022
189,11,205-67-4767,Wendy Miller,90,"Burt's Bees 100% Natural Origin Moisturizing Lip Balm Original Beeswax with Vitamin E & Peppermint Oil, Beeswax, 4 Tubes",2,9.59,19.18,03-12-2022
190,6,580-45-5915,Connor Rodriguez,179,ScarAway Silicone Scar Sheets 1.5 inch x 3 inch 1.5x3 inch,0,21.99,0.0,27-12-2022
191,2,123-51-1500,William Johnson,152,Dove Dry Spray Antiperspirant Deodorant Clear Finish,17,8.49,144.33,24-10-2022
192,5,015-77-8712,Oscar Harrell,98,Gillette Sensor Razor Refill Cartridges,6,26.99,161.94,30-10-2022
193,2,544-83-8024,Joshua Jones,127,"Colgate 2-in-1 Whitening Toothpaste Gel and Mouthwash, Icy Blast Icy Blast",21,4.29,90.09,09-10-2022
194,9,149-90-5856,Dalton Joseph,104,Boost High Protein Complete Nutritional Drink Chocolate Sensation,18,17.49,314.82,09-12-2022
195,14,041-47-2947,John Avila,0,"Waterpik Tip Storage Case with 6 Replacement Tips, TS-100E",1,15.99,15.99,14-11-2022
196,14,486-44-5631,Brian Jimenez,165,West Loop Sunglasses Brothers,20,12.99,259.8,11-12-2022
197,14,252-61-6255,James Brewer,128,Gun Oil H2O Water Based Lubricant Unscented,2,32.99,65.98,12-11-2022
198,4,845-93-1404,Joseph Valenzuela,162,DevaCurl Super Cream Styler,29,27.99,811.7099999999999,09-12-2022
199,14,801-42-0576,Adrian Pratt,182,Milani Mascara Highly Rated Mascara Mini,1,6.99,6.99,02-11-2022
200,2,780-53-0594,Jennifer Miller,168,OH K! SOS Blemish Patches,23,5.0,115.0,25-10-2022
201,7,479-88-9081,John Jones,155,Mueller Performance Sleeve Black,29,12.99,376.71,01-11-2022
202,4,806-55-3640,Jennifer Morse,117,ScarAway Silicone Scar Sheets 1.5 inch x 3 inch 1.5x3 inch,25,21.99,549.75,25-12-2022
203,2,648-70-9914,Jeffrey Collins,131,Medline Deluxe Comfort Rollator,8,110.0,880.0,30-11-2022
204,11,356-30-1860,Amber Wallace,155,Mueller Performance Sleeve Black,14,12.99,181.86,12-11-2022
205,10,727-48-5878,Ian Morales,155,Mueller Performance Sleeve Black,29,12.99,376.71,12-11-2022
206,12,775-33-5075,Regina Gutierrez,175,"L'Oreal Paris Infallible Pro Gloss Plump Lip Gloss with Hyaluronic Acid, Gleam",21,9.99,209.79,28-12-2022
207,12,777-54-1277,Cynthia Reeves,149,Garnier Fructis Sleek & Shine Moroccan Sleek Oil Treatment for Frizzy Hair,24,5.29,126.96000000000001,04-10-2022
208,13,182-89-3771,Lee Mcgee,191,"Spiderman Spidey Vehicle 6""",30,9.99,299.7,20-11-2022
209,4,688-20-7506,Henry Moss,175,"L'Oreal Paris Infallible Pro Gloss Plump Lip Gloss with Hyaluronic Acid, Gleam",24,9.99,239.76,13-11-2022
210,4,473-34-8944,Jerry Smith,28,Rockstar Punched Fruit Punch Flavor Energy Drink,20,6.99,139.8,04-11-2022
211,8,506-60-2828,Stephanie Silva,19,Walgreens Hand Sanitizer Clear,0,4.79,0.0,25-09-2022
212,9,123-51-1500,William Johnson,198,"Wearever Reusable Women's Super Incontinence Panty Beige, Beige",30,19.99,599.6999999999999,07-10-2022
213,14,342-84-2210,Justin Stephens,104,Boost High Protein Complete Nutritional Drink Chocolate Sensation,12,17.49,209.88,29-12-2022
214,7,287-89-2986,Scott Sanders,80,Karman Universal Foam Seat Cushion 18x16 inches Black,20,29.99,599.8,07-10-2022
215,1,886-29-8133,Keith Brooks,164,Attends Underpads,18,49.99,899.82,24-12-2022
216,3,346-84-2037,Michelle Phillips,53,"Poise Pads, Light Absorbency, Long",13,6.49,84.37,23-09-2022
217,0,767-60-1806,Susan Porter,33,"Waterpik Sidekick Water Flosser, White with Chrome White With Chrome",17,129.99,2209.83,22-12-2022
218,11,748-55-8380,Mark Mullen,104,Boost High Protein Complete Nutritional Drink Chocolate Sensation,12,17.49,209.88,28-11-2022
219,0,125-20-9088,John Jacobs,138,YourGoodSkin ProVitamin Overnight Cream,4,12.99,51.96,30-11-2022
220,14,879-07-8776,Rachel Garrison,164,Attends Underpads,6,49.99,299.94,04-12-2022
221,2,779-50-5792,Brandi Jimenez,147,Scunci Headwrap Print and Black,15,9.99,149.85,26-10-2022
222,4,442-77-6471,Susan Chambers,54,"West Loop Women's Super Soft Fleece-Lined Joggers Black, Black",12,15.99,191.88,16-12-2022
223,0,442-88-6833,Thomas Rivers,134,Olay Hand and Body Lotion Nourishing Hyaluronic Acid,24,7.99,191.76,28-12-2022
224,1,717-70-6411,Kelly Boyd,163,Walgreens Deep Cleansing Pore Strips,9,5.99,53.910000000000004,09-10-2022
225,12,746-27-5684,Brian Kelly,194,"Waterpik Sidekick Water Flosser, White with Chrome White With Chrome",16,129.99,2079.84,07-10-2022
226,1,129-98-7209,Isaac Walker,1,Badger Classic Lip Balm Unscented,23,2.99,68.77000000000001,31-10-2022
227,13,417-13-2524,Kevin Walters,84,Nexcare Waterproof Clear Bandages 1 1/16in x 2 1/4in,18,3.29,59.22,25-12-2022
228,1,240-48-7869,Christopher Pacheco,95,Dr. Collins Dental Floss,6,3.29,19.740000000000002,22-10-2022
229,7,845-93-1404,Joseph Valenzuela,174,Cheez-It Baked Snack Cheese Crackers in a Cup Original,15,1.99,29.85,19-11-2022
230,8,792-20-8330,Linda Dickson,21,Fritos Corn Chips The Original,2,1.79,3.58,30-10-2022
231,7,506-37-5492,Ann Williams,198,"Wearever Reusable Women's Super Incontinence Panty Beige, Beige",12,19.99,239.88,28-11-2022
232,7,324-93-8298,Andrew Myers,109,Finest Nutrition D3 Vitamin 2000 IU Dietary Supplement Softgels,16,15.99,255.84,29-09-2022
233,14,883-07-8577,Andrea Smith,36,Karman 20in Seat Lightweight Reclining Transport Wheelchair,20,1238.0,24760.0,10-11-2022
234,13,522-61-7942,Ryan Walton,80,Karman Universal Foam Seat Cushion 18x16 inches Black,4,29.99,119.96,29-09-2022
235,2,110-61-9168,Richard Brennan,8,Snow Regular Strength Whitening Wands Refill - Silver,12,19.99,239.88,11-12-2022
236,9,580-45-5915,Connor Rodriguez,170,"essie Nail Polish, After School Boy Blazer",2,9.0,18.0,26-11-2022
237,4,557-28-4898,William Bowen,77,Zantac 360 Famotidine Tablets 20 mg,11,5.79,63.69,14-12-2022
238,13,508-27-8008,Megan Sullivan,102,"Doctor's Best Best Vitamin D3, 2000 IU, Softgels",18,10.99,197.82,30-10-2022
239,11,678-15-9433,Jennifer Tyler,131,Medline Deluxe Comfort Rollator,11,110.0,1210.0,19-10-2022
240,12,869-14-9914,Amber Hernandez,9,"Johnson's Baby Tear-Free Bedtime Bath, Soothing Aromas",23,7.29,167.67,08-11-2022
241,12,180-94-3603,Ashley Glenn,87,Biore Deep Cleansing Charcoal Pore Strips,25,16.99,424.74999999999994,24-11-2022
242,0,791-91-8866,Mary Torres,147,Scunci Headwrap Print and Black,2,9.99,19.98,19-11-2022
243,1,347-59-3016,Christy Gonzalez,111,Summer's Eve Fresh Scent Douche Fresh,24,4.49,107.76,08-12-2022
244,3,595-68-2395,Matthew Roberson,6,Tranquility Premium Daytime Disposable Absorbent Underwear XXL,16,79.0,1264.0,23-11-2022
245,1,152-33-9873,Sarah Aguilar,145,Walgreens Foundation Brush,11,3.99,43.89,25-09-2022
246,5,458-36-3597,Paul Pennington,87,Biore Deep Cleansing Charcoal Pore Strips,8,16.99,135.92,21-11-2022
247,7,675-76-4002,Holly Johnson,0,"Waterpik Tip Storage Case with 6 Replacement Tips, TS-100E",25,15.99,399.75,11-12-2022
248,12,514-37-7970,Ernest Nunez,167,Raid Essentials Multi-Insect Killer 29,20,9.49,189.8,20-11-2022
249,11,497-16-7886,Jessica White,174,Cheez-It Baked Snack Cheese Crackers in a Cup Original,25,1.99,49.75,29-12-2022
250,11,473-73-3616,Kathryn Tucker,11,"Vicks VapoCOOL Severe, Medicated Drops",24,5.99,143.76,23-12-2022
251,7,792-20-8330,Linda Dickson,168,OH K! SOS Blemish Patches,29,5.0,145.0,11-10-2022
252,13,040-86-1587,Michael Mcneil,178,"Doctor's Best Best Vitamin D3, 2000 IU, Softgels",9,10.99,98.91,16-12-2022
253,14,672-64-9761,Shannon Johns,123,DevaCurl Super Cream Styler,6,27.99,167.94,23-09-2022
254,11,438-93-6223,Tim Stanley,159,Living Solutions Auto Nightlight Clear,19,11.99,227.81,14-12-2022
255,2,323-04-5904,Jessica Simon,80,Karman Universal Foam Seat Cushion 18x16 inches Black,18,29.99,539.8199999999999,31-10-2022
256,6,866-47-9446,Steven Cunningham,196,ScarAway Silicone Scar Sheets 1.5 inch x 3 inch 1.5x3 inch,27,21.99,593.7299999999999,09-12-2022
257,2,755-42-6263,Mr. Alexander Burton,109,Finest Nutrition D3 Vitamin 2000 IU Dietary Supplement Softgels,12,15.99,191.88,20-10-2022
258,5,668-14-1912,Brianna Howard,75,"NeoCell Beauty Bursts Collagen Soft Chews 2,000 mg Collagen Types 1 & 3 Fruit Punch",7,19.95,139.65,17-10-2022
259,4,149-95-4446,Chad Bridges,137,"Walgreens Elastic Tape 2""x 2.5 Yards",18,3.99,71.82000000000001,06-11-2022
260,7,343-21-4361,Kristin Parker,153,"Jergens Face Moisturizer Self Tanner, SPF 20 Medium toTan",10,10.79,107.89999999999999,08-12-2022
261,10,417-13-2524,Kevin Walters,82,Green Toys Scooper Construction Truck,7,16.99,118.92999999999999,08-10-2022
262,13,530-82-6065,Brianna Romero,140,Studio 35 Dead Sea Mineral Face Mask,5,4.0,20.0,27-11-2022
263,11,505-02-4106,James Graham,114,Tukol Severe Congestion & Cough Relief Liquid,15,10.99,164.85,16-10-2022
264,11,458-36-3597,Paul Pennington,153,"Jergens Face Moisturizer Self Tanner, SPF 20 Medium toTan",11,10.79,118.69,06-12-2022
265,3,779-50-5792,Brandi Jimenez,138,YourGoodSkin ProVitamin Overnight Cream,15,12.99,194.85,16-10-2022
266,4,649-90-4697,Joel Chen,69,Bud's Best Peanut Butter n' Graham,16,1.0,16.0,15-10-2022
267,5,271-14-2248,David Warren,80,Karman Universal Foam Seat Cushion 18x16 inches Black,23,29.99,689.77,22-09-2022
268,0,502-58-2014,Christopher Williams,50,"American Crew Grooming Cream, High Hold with High Shine",19,17.99,341.80999999999995,10-10-2022
269,13,420-83-9357,Susan Fletcher,117,ScarAway Silicone Scar Sheets 1.5 inch x 3 inch 1.5x3 inch,2,21.99,43.98,22-10-2022
270,8,446-82-4728,Brittany Craig,176,Scunci Headwrap Print and Black,15,9.99,149.85,12-11-2022
271,13,292-49-9961,Kathryn Lucas,172,West Loop Sunglasses Brothers,23,12.99,298.77,18-12-2022
272,13,040-86-1587,Michael Mcneil,13,Natrol DHEA 25 mg Tablets,27,19.99,539.7299999999999,04-10-2022
273,14,419-02-6836,Stephanie Alexander,85,Schmidt's Natural Deodorant Stick Sage + Vetiver,5,9.99,49.95,26-12-2022
274,4,861-21-0467,William Henry,112,Bounty Essentials Select-A-Size Paper Towels Big Rolls White,9,8.49,76.41,29-11-2022
275,14,820-20-3487,Charlene Taylor,123,DevaCurl Super Cream Styler,11,27.99,307.89,18-10-2022
276,10,779-50-5792,Brandi Jimenez,185,"Tide +Downy Free, Liquid Laundry Detergent, Unscented",2,12.99,25.98,30-12-2022
277,10,569-84-2672,Kathleen Ashley,129,Walgreens Pocket 5X LED Magnifier With Sleeve,0,6.99,0.0,13-12-2022
278,9,755-42-6263,Mr. Alexander Burton,84,Nexcare Waterproof Clear Bandages 1 1/16in x 2 1/4in,30,3.29,98.7,22-12-2022
279,13,142-80-8421,Melissa Miller,144,Vichy Mineral Thermal Spa Water Spray from French Volcanoes,7,4.09,28.63,22-09-2022
280,0,069-08-5652,Jenny Stafford,186,Walgreens Foundation Brush,9,3.99,35.910000000000004,01-10-2022
281,13,886-29-8133,Keith Brooks,181,"Jergens Face Moisturizer Self Tanner, SPF 20 Medium toTan",4,10.79,43.16,27-12-2022
282,14,383-60-7438,Michael Murphy,156,AXE Body Wash Black,16,5.49,87.84,15-10-2022
283,4,815-14-1259,Lisa Guerrero,40,Hallmark Thinking of You Card (Brighten Your Day Flower Pattern),29,4.59,133.10999999999999,13-10-2022
284,9,638-60-8396,Richard Johnson,35,Vichy Mineral Thermal Spa Water Spray from French Volcanoes,4,4.09,16.36,19-10-2022
285,4,615-94-1814,Kimberly Wood,77,Zantac 360 Famotidine Tablets 20 mg,4,5.79,23.16,23-12-2022
286,9,275-23-0255,Dennis Mann,52,"Nature's Truth Super Cinnamon Plus Biotin & Chromium, Capsules",2,9.19,18.38,07-10-2022
287,14,271-14-2248,David Warren,46,Walgreens Clear Tape 1 inch,6,6.0,36.0,04-12-2022
288,0,470-01-2617,Morgan Cooke,137,"Walgreens Elastic Tape 2""x 2.5 Yards",21,3.99,83.79,20-11-2022
289,10,775-33-5075,Regina Gutierrez,193,Swiffer WetJet Multi Surface Floor Cleaner Spray Mop Pad Refill,26,13.49,350.74,23-12-2022
290,4,121-11-1335,Ronald Moore,184,Walgreens Foundation Brush,22,3.99,87.78,08-12-2022
291,13,701-22-7284,John Strong,153,"Jergens Face Moisturizer Self Tanner, SPF 20 Medium toTan",23,10.79,248.17,18-10-2022
292,0,754-37-5492,Rebekah Sloan,53,"Poise Pads, Light Absorbency, Long",23,6.49,149.27,02-12-2022
293,10,098-80-4105,Ms. Michele Guzman,107,PetShoppe Retractable Pet Leash,4,9.99,39.96,08-10-2022
294,7,156-21-9708,David Mason,10,21st Century Acidophilus High-Potency Capsules,16,9.99,159.84,30-10-2022
295,3,064-18-3979,Michael Walker,116,Foligain Stimulating Supplement for Thinning Hair,10,24.99,249.89999999999998,14-12-2022
296,14,323-04-5904,Jessica Simon,59,Snow Regular Strength Whitening Wands Refill - Silver,30,19.99,599.6999999999999,12-12-2022
297,10,653-93-1584,Michael Phillips,172,West Loop Sunglasses Brothers,22,12.99,285.78000000000003,14-10-2022
298,1,470-01-2617,Morgan Cooke,125,Green Toys Scooper Construction Truck,8,16.99,135.92,04-11-2022
299,8,332-83-0381,Marco David,55,Vichy Mineral Thermal Spa Water Spray from French Volcanoes,9,4.09,36.81,29-11-2022
300,6,037-10-4301,Gerald Moreno,44,Medline Deluxe Comfort Rollator,12,110.0,1320.0,04-10-2022
301,9,069-08-5652,Jenny Stafford,132,"Johnson's Baby Tear-Free Bedtime Bath, Soothing Aromas",27,7.29,196.83,07-10-2022
302,11,644-99-9161,Erica Hall,36,Karman 20in Seat Lightweight Reclining Transport Wheelchair,13,1238.0,16094.0,23-10-2022
303,14,506-60-2828,Stephanie Silva,49,West Loop Men's Thermal Set,24,15.99,383.76,30-12-2022
304,2,147-96-8119,Marc Johnson,67,Scotch Desktop Tape Dispenser,14,9.99,139.86,31-10-2022
305,6,755-42-6263,Mr. Alexander Burton,13,Natrol DHEA 25 mg Tablets,11,19.99,219.89,08-11-2022
306,11,506-37-5492,Ann Williams,140,Studio 35 Dead Sea Mineral Face Mask,4,4.0,16.0,27-12-2022
307,11,382-44-9296,Christina Butler,145,Walgreens Foundation Brush,4,3.99,15.96,12-12-2022
308,0,843-68-1859,Curtis Bradley,157,Sally Hansen Flirty Eyes Classic Eyelash Curler,14,3.99,55.86,25-11-2022
309,12,383-60-7438,Michael Murphy,106,Walgreens Total Face Brush Set,6,10.99,65.94,18-11-2022
310,3,886-29-8133,Keith Brooks,22,"Walgreens Hearing Aid Batteries, Zero Mercury #675",3,17.99,53.97,27-11-2022
311,6,342-84-2210,Justin Stephens,129,Walgreens Pocket 5X LED Magnifier With Sleeve,21,6.99,146.79,18-11-2022
312,11,587-85-5236,Jordan Martinez,8,Snow Regular Strength Whitening Wands Refill - Silver,6,19.99,119.94,19-10-2022
313,3,069-08-5652,Jenny Stafford,153,"Jergens Face Moisturizer Self Tanner, SPF 20 Medium toTan",12,10.79,129.48,11-11-2022
314,1,486-49-0991,Lisa Smith,54,"West Loop Women's Super Soft Fleece-Lined Joggers Black, Black",16,15.99,255.84,15-10-2022
315,3,254-21-3037,Brian Perry,23,Dove Advanced Care Dry Spray Antiperspirant Deodorant Crystal Touch,6,8.49,50.94,02-10-2022
316,8,161-71-2407,Richard Moore,154,Method All Purpose Cleaning Wipes Pink Grapefruit,6,3.99,23.94,29-11-2022
317,9,503-08-5616,Shannon Cooper,163,Walgreens Deep Cleansing Pore Strips,19,5.99,113.81,14-11-2022
318,9,571-85-5039,Samantha Berry,164,Attends Underpads,29,49.99,1449.71,23-10-2022
319,10,044-55-7149,Theresa Schwartz,163,Walgreens Deep Cleansing Pore Strips,20,5.99,119.80000000000001,06-12-2022
320,12,582-06-9955,Michelle Orr,89,Karman 20in Seat Lightweight Reclining Transport Wheelchair,11,1238.0,13618.0,27-12-2022
321,12,846-28-3032,Susan Stanley,179,ScarAway Silicone Scar Sheets 1.5 inch x 3 inch 1.5x3 inch,20,21.99,439.79999999999995,24-09-2022
322,3,135-93-9775,Ashley Young,55,Vichy Mineral Thermal Spa Water Spray from French Volcanoes,16,4.09,65.44,16-12-2022
323,3,823-70-7340,Willie Golden,36,Karman 20in Seat Lightweight Reclining Transport Wheelchair,7,1238.0,8666.0,17-11-2022
324,7,569-84-2672,Kathleen Ashley,154,Method All Purpose Cleaning Wipes Pink Grapefruit,8,3.99,31.92,12-12-2022
325,4,886-29-8133,Keith Brooks,84,Nexcare Waterproof Clear Bandages 1 1/16in x 2 1/4in,23,3.29,75.67,21-12-2022
326,14,748-55-8380,Mark Mullen,171,"Poise Pads, Light Absorbency, Long",2,6.49,12.98,07-12-2022
327,1,502-43-3613,Jeff Ferguson,94,think! Protein Bars Creamy Peanut Butter,19,11.99,227.81,08-12-2022
328,10,779-50-5792,Brandi Jimenez,58,Schmidt's Natural Deodorant Stick Sage + Vetiver,27,9.99,269.73,07-10-2022
329,6,526-43-9776,Stephanie Young MD,4,Dr. Collins Dental Floss,15,3.29,49.35,26-10-2022
330,2,645-94-6871,Alan Reid,162,DevaCurl Super Cream Styler,11,27.99,307.89,23-12-2022
331,10,417-13-2524,Kevin Walters,29,SlimFast Advanced Nutrition High Protein Smoothie Vanilla Cream,16,14.49,231.84,31-10-2022
332,5,722-66-4661,Sonya Jenkins,92,"Doctor's Best Best Vitamin D3, 2000 IU, Softgels",28,10.99,307.72,14-10-2022
333,3,815-14-1259,Lisa Guerrero,133,Chef Boyardee Chili Mac,22,3.0,66.0,13-11-2022
334,10,254-69-9508,Angela Owen,101,"Milani Rose Powder Blush, Romantic Rose",1,9.49,9.49,08-10-2022
335,7,806-55-3640,Jennifer Morse,73,Vicks Severe Medicated Drops,20,3.99,79.80000000000001,13-12-2022
336,2,792-20-8330,Linda Dickson,48,"Milani Rose Powder Blush, Romantic Rose",26,9.49,246.74,06-12-2022
337,7,470-01-2617,Morgan Cooke,39,Raid Essentials Multi-Insect Killer 29,18,9.49,170.82,09-10-2022
338,14,256-76-3715,Diane Hughes,109,Finest Nutrition D3 Vitamin 2000 IU Dietary Supplement Softgels,8,15.99,127.92,23-12-2022
339,3,580-45-5915,Connor Rodriguez,40,Hallmark Thinking of You Card (Brighten Your Day Flower Pattern),4,4.59,18.36,15-11-2022
340,14,506-60-2828,Stephanie Silva,108,"One A Day Prenatal 1 with DHA & Folic Acid, Softgels",29,34.99,1014.71,12-10-2022
341,13,896-26-8894,Colleen Peterson,76,Colgate Optic White Advanced Teeth Whitening Toothpaste Sparkling White,24,6.79,162.96,19-11-2022
342,9,676-01-8775,Shannon Martinez,174,Cheez-It Baked Snack Cheese Crackers in a Cup Original,11,1.99,21.89,11-12-2022
343,14,042-33-5575,Morgan Johnson,25,Aquaphor 3 in 1 Diaper Rash Cream,15,7.99,119.85000000000001,21-10-2022
344,8,515-05-9403,Robert Holmes,7,"essie nail polish, sunny business collection, any-fin goes",27,9.0,243.0,19-12-2022
345,10,240-48-7869,Christopher Pacheco,119,Hallmark Thinking of You Card (Brighten Your Day Flower Pattern),26,4.59,119.34,23-10-2022
346,11,591-07-6759,Taylor Johnson,65,Aussie Headstrong Volume Spray Hair Gel Maximum Hold,22,3.99,87.78,30-11-2022
347,12,206-66-4926,Stephanie Garcia,41,Biore Deep Cleansing Charcoal Pore Strips,7,16.99,118.92999999999999,09-12-2022
348,1,672-64-9761,Shannon Johns,186,Walgreens Foundation Brush,24,3.99,95.76,25-11-2022
349,2,502-43-3613,Jeff Ferguson,166,Complete Home Precision Screwdriver Set 7 Piece,29,7.99,231.71,09-12-2022
350,3,646-43-3120,Nicholas Wilson,57,St. Tropez Self Tan Bronzing Spray,4,35.0,140.0,19-12-2022
351,9,754-37-5492,Rebekah Sloan,163,Walgreens Deep Cleansing Pore Strips,4,5.99,23.96,26-12-2022
352,12,226-97-1857,Tiffany Long,17,Finest Nutrition Ginkgo Biloba 120 mg Capsules,3,12.99,38.97,25-10-2022
353,1,275-23-0255,Dennis Mann,159,Living Solutions Auto Nightlight Clear,14,11.99,167.86,02-12-2022
354,12,295-81-2541,Sandra Burns,148,PURA D'OR Hair Thinning Therapy Shampoo,13,24.99,324.87,25-09-2022
355,11,722-66-4661,Sonya Jenkins,36,Karman 20in Seat Lightweight Reclining Transport Wheelchair,26,1238.0,32188.0,16-11-2022
356,0,129-43-9396,Christina Walker,85,Schmidt's Natural Deodorant Stick Sage + Vetiver,8,9.99,79.92,10-12-2022
357,6,649-90-4697,Joel Chen,5,Colgate Optic White Advanced Teeth Whitening Toothpaste Sparkling White,9,6.79,61.11,12-12-2022
358,3,164-14-8396,Miguel Franklin,198,"Wearever Reusable Women's Super Incontinence Panty Beige, Beige",2,19.99,39.98,04-12-2022
359,11,754-37-5492,Rebekah Sloan,63,"Culturelle Ultimate Strength Probiotic, 20 Billion CFUs, Capsules",27,21.29,574.8299999999999,25-11-2022
360,3,429-60-4011,Todd Long,81,Similac NeoSure Infant Formula with Iron 13.1 oz,27,22.99,620.7299999999999,21-09-2022
361,12,072-71-3484,Colleen Davis,107,PetShoppe Retractable Pet Leash,18,9.99,179.82,25-11-2022
362,8,161-71-2407,Richard Moore,181,"Jergens Face Moisturizer Self Tanner, SPF 20 Medium toTan",10,10.79,107.89999999999999,20-12-2022
363,9,810-65-9597,Allison Harris,99,Walgreens Hearing Aid Batteries 10,29,8.99,260.71,15-10-2022
364,4,069-08-5652,Jenny Stafford,113,Raw Sugar Sensitive Skin Whipped Body Polish - Green Tea + Cucumber + Aloe Vera,20,14.99,299.8,10-12-2022
365,4,343-21-4361,Kristin Parker,165,West Loop Sunglasses Brothers,8,12.99,103.92,28-12-2022
366,4,676-01-8775,Shannon Martinez,94,think! Protein Bars Creamy Peanut Butter,4,11.99,47.96,16-11-2022
367,0,040-86-1587,Michael Mcneil,164,Attends Underpads,14,49.99,699.86,26-09-2022
368,10,558-62-5616,April Jensen,130,Celeste Stein Box 8-15 mmhg Compression Sock Grey,19,5.99,113.81,27-12-2022
369,6,560-41-9756,Maxwell Santiago,156,AXE Body Wash Black,26,5.49,142.74,01-12-2022
370,11,645-94-6871,Alan Reid,49,West Loop Men's Thermal Set,5,15.99,79.95,20-09-2022
371,4,175-01-2307,Jessica Peterson,98,Gillette Sensor Razor Refill Cartridges,22,26.99,593.78,22-10-2022
372,3,446-46-4945,Michael Johnson,120,Essential Medical Quilted Birdseye Hospital Bed Size Reusable Underpad with Straps,8,38.79,310.32,24-11-2022
373,6,579-99-0221,Kevin Mcdaniel,155,Mueller Performance Sleeve Black,15,12.99,194.85,24-10-2022
374,13,597-56-2493,Lisa Nolan,177,Paul Mitchell Soft Sculpting Spray Gel,0,10.0,0.0,16-10-2022
375,5,860-05-4897,Laura Fleming,181,"Jergens Face Moisturizer Self Tanner, SPF 20 Medium toTan",22,10.79,237.38,03-10-2022
376,10,168-20-9560,James Kelley,111,Summer's Eve Fresh Scent Douche Fresh,9,4.49,40.410000000000004,31-10-2022
377,9,502-58-2014,Christopher Williams,84,Nexcare Waterproof Clear Bandages 1 1/16in x 2 1/4in,13,3.29,42.77,28-12-2022
378,14,879-07-8776,Rachel Garrison,164,Attends Underpads,3,49.99,149.97,21-10-2022
379,5,044-55-7149,Theresa Schwartz,113,Raw Sugar Sensitive Skin Whipped Body Polish - Green Tea + Cucumber + Aloe Vera,5,14.99,74.95,16-12-2022
380,13,173-11-1523,Dale Fritz,109,Finest Nutrition D3 Vitamin 2000 IU Dietary Supplement Softgels,27,15.99,431.73,14-11-2022
381,6,841-13-4922,Heather Cummings,149,Garnier Fructis Sleek & Shine Moroccan Sleek Oil Treatment for Frizzy Hair,3,5.29,15.870000000000001,01-10-2022
382,8,429-60-4011,Todd Long,33,"Waterpik Sidekick Water Flosser, White with Chrome White With Chrome",3,129.99,389.97,21-09-2022
383,12,226-88-0966,Kayla Herrera,179,ScarAway Silicone Scar Sheets 1.5 inch x 3 inch 1.5x3 inch,12,21.99,263.88,12-12-2022
384,7,343-21-4361,Kristin Parker,100,"Tomcat Mouse Killer Child Resistant, Disposable Station",20,9.99,199.8,21-12-2022
385,1,615-55-6608,Amy Thompson,14,Raw Sugar Sensitive Skin Whipped Body Polish - Green Tea + Cucumber + Aloe Vera,21,14.99,314.79,27-10-2022
386,9,126-08-2542,George Howell,77,Zantac 360 Famotidine Tablets 20 mg,8,5.79,46.32,26-11-2022
387,1,420-83-9357,Susan Fletcher,171,"Poise Pads, Light Absorbency, Long",21,6.49,136.29,02-11-2022
388,0,754-37-5492,Rebekah Sloan,0,"Waterpik Tip Storage Case with 6 Replacement Tips, TS-100E",2,15.99,31.98,02-11-2022
389,12,533-93-0427,Karen Taylor,115,Badger Classic Lip Balm Unscented,27,2.99,80.73,15-10-2022
390,3,504-48-4815,Dennis Rodriguez,171,"Poise Pads, Light Absorbency, Long",18,6.49,116.82000000000001,18-11-2022
391,4,595-68-2395,Matthew Roberson,43,Walgreens Hand Sanitizer Clear,30,4.79,143.7,16-11-2022
392,6,123-51-1500,William Johnson,26,AXE Body Wash Apollo,0,5.49,0.0,03-10-2022
393,5,015-77-8712,Oscar Harrell,79,Rayovac Hearing Aid Batteries,17,14.99,254.83,04-10-2022
394,8,894-06-2822,Heather Burgess,23,Dove Advanced Care Dry Spray Antiperspirant Deodorant Crystal Touch,3,8.49,25.47,28-11-2022
395,9,446-82-4728,Brittany Craig,189,OH K! SOS Blemish Patches,1,5.0,5.0,21-10-2022
396,14,394-47-7605,Kristina Jenkins,175,"L'Oreal Paris Infallible Pro Gloss Plump Lip Gloss with Hyaluronic Acid, Gleam",5,9.99,49.95,15-11-2022
397,2,426-49-7778,Jessica James,119,Hallmark Thinking of You Card (Brighten Your Day Flower Pattern),8,4.59,36.72,17-12-2022
398,2,135-93-9775,Ashley Young,180,Biore Daily Detox Face Wash Cleanser,26,7.99,207.74,02-12-2022
399,0,360-35-1496,Alexander Mcdonald,96,SlimFast Advanced Nutrition High Protein Smoothie Vanilla Cream,0,14.49,0.0,05-10-2022
400,1,402-21-2521,Jane Wallace,21,Fritos Corn Chips The Original,20,1.79,35.8,27-12-2022
401,6,015-77-8712,Oscar Harrell,65,Aussie Headstrong Volume Spray Hair Gel Maximum Hold,23,3.99,91.77000000000001,08-11-2022
402,3,627-37-4572,Wendy Petty,165,West Loop Sunglasses Brothers,19,12.99,246.81,23-11-2022
403,8,347-59-3016,Christy Gonzalez,47,Dove Advanced Care Dry Spray Antiperspirant Deodorant Crystal Touch,13,8.49,110.37,10-12-2022
404,12,819-78-8966,Jill Carlson,150,"Maybelline Volum' Express The Mega Plush Washable Mascara, Very Black",13,8.99,116.87,06-12-2022
405,3,479-57-6026,Keith Jones,88,Walgreens Total Face Brush Set,16,10.99,175.84,30-10-2022
406,7,560-41-9756,Maxwell Santiago,190,Foster Grant Cole Reading Glasses +3.25 Black,22,19.99,439.78,22-10-2022
407,5,704-46-7008,Jennifer Silva,198,"Wearever Reusable Women's Super Incontinence Panty Beige, Beige",5,19.99,99.94999999999999,13-10-2022
408,14,382-27-4160,Michael Ruiz,118,"CoverGirl Queen Collection Natural Hue Liquid Makeup, Rich Sand Q700",10,6.49,64.9,11-12-2022
409,0,635-82-8656,Catherine Butler,121,"essie nail polish, sunny business collection, any-fin goes",19,9.0,171.0,29-12-2022
410,11,558-62-5616,April Jensen,172,West Loop Sunglasses Brothers,7,12.99,90.93,22-09-2022
411,1,644-99-9161,Erica Hall,186,Walgreens Foundation Brush,16,3.99,63.84,13-10-2022
412,3,649-90-4697,Joel Chen,179,ScarAway Silicone Scar Sheets 1.5 inch x 3 inch 1.5x3 inch,19,21.99,417.80999999999995,01-11-2022
413,8,807-04-6861,Thomas Cook,8,Snow Regular Strength Whitening Wands Refill - Silver,15,19.99,299.84999999999997,11-11-2022
414,14,560-41-9756,Maxwell Santiago,112,Bounty Essentials Select-A-Size Paper Towels Big Rolls White,11,8.49,93.39,21-09-2022
415,3,866-47-9446,Steven Cunningham,52,"Nature's Truth Super Cinnamon Plus Biotin & Chromium, Capsules",2,9.19,18.38,21-11-2022
416,2,240-48-7869,Christopher Pacheco,184,Walgreens Foundation Brush,16,3.99,63.84,17-12-2022
417,10,449-58-7513,Terry Davis,103,Method All Purpose Cleaning Wipes Pink Grapefruit,19,3.99,75.81,25-10-2022
418,3,355-25-3304,Nicholas Turner,109,Finest Nutrition D3 Vitamin 2000 IU Dietary Supplement Softgels,0,15.99,0.0,28-11-2022
419,7,758-88-2127,Cassidy Lee,189,OH K! SOS Blemish Patches,29,5.0,145.0,20-09-2022
420,3,815-14-1259,Lisa Guerrero,195,Tukol Severe Congestion & Cough Relief Liquid,27,10.99,296.73,27-12-2022
421,12,675-76-4002,Holly Johnson,114,Tukol Severe Congestion & Cough Relief Liquid,22,10.99,241.78,24-11-2022
422,11,479-57-6026,Keith Jones,16,Peak 5W-30 Motor Oil,1,5.49,5.49,01-10-2022
423,5,707-09-7596,Andrea Rodriguez,164,Attends Underpads,13,49.99,649.87,07-11-2022
424,12,887-48-7464,George Schultz,72,Medline Overbed Table,15,72.49,1087.35,10-11-2022
425,8,865-50-6891,Vincent Tucker,160,Walgreens Hand Sanitizer Clear,13,4.79,62.27,10-12-2022
426,4,446-46-4945,Michael Johnson,39,Raid Essentials Multi-Insect Killer 29,12,9.49,113.88,15-12-2022
427,13,892-99-8938,Nathaniel Gamble,101,"Milani Rose Powder Blush, Romantic Rose",22,9.49,208.78,27-12-2022
428,13,894-06-2822,Heather Burgess,120,Essential Medical Quilted Birdseye Hospital Bed Size Reusable Underpad with Straps,17,38.79,659.43,06-11-2022
429,4,675-76-4002,Holly Johnson,149,Garnier Fructis Sleek & Shine Moroccan Sleek Oil Treatment for Frizzy Hair,20,5.29,105.8,27-12-2022
430,2,129-43-9396,Christina Walker,9,"Johnson's Baby Tear-Free Bedtime Bath, Soothing Aromas",13,7.29,94.77,15-11-2022
431,7,402-21-2521,Jane Wallace,16,Peak 5W-30 Motor Oil,21,5.49,115.29,19-10-2022
432,5,887-48-7464,George Schultz,96,SlimFast Advanced Nutrition High Protein Smoothie Vanilla Cream,0,14.49,0.0,08-12-2022
433,5,110-61-9168,Richard Brennan,46,Walgreens Clear Tape 1 inch,26,6.0,156.0,22-11-2022
434,14,147-96-8119,Marc Johnson,198,"Wearever Reusable Women's Super Incontinence Panty Beige, Beige",3,19.99,59.97,12-10-2022
435,9,486-44-5631,Brian Jimenez,58,Schmidt's Natural Deodorant Stick Sage + Vetiver,20,9.99,199.8,12-10-2022
436,0,503-08-5616,Shannon Cooper,173,Laci Le Beau Super Dieter's Tea Bags Cinnamon Spice,13,9.99,129.87,15-12-2022
437,6,544-83-8024,Joshua Jones,74,Michael Jordan Men's Cologne Aromatic,12,27.99,335.88,15-11-2022
438,4,876-76-6303,Rebecca Ferguson,9,"Johnson's Baby Tear-Free Bedtime Bath, Soothing Aromas",5,7.29,36.45,20-11-2022
439,2,175-01-2307,Jessica Peterson,169,Vicks Severe Medicated Drops,3,3.99,11.97,19-11-2022
440,13,332-83-0381,Marco David,187,StarKist Tuna Creations Hickory Smoked,25,6.0,150.0,29-10-2022
441,4,886-29-8133,Keith Brooks,8,Snow Regular Strength Whitening Wands Refill - Silver,18,19.99,359.82,24-10-2022
442,5,181-21-7049,Susan Schaefer,17,Finest Nutrition Ginkgo Biloba 120 mg Capsules,1,12.99,12.99,26-12-2022
443,10,435-06-0699,Anna Smith,56,Bourjois 1 Seconde 2ea 04 Taupe Classy,29,11.99,347.71,17-11-2022
444,10,402-21-2521,Jane Wallace,140,Studio 35 Dead Sea Mineral Face Mask,29,4.0,116.0,16-10-2022
445,6,381-73-2258,Michael James,108,"One A Day Prenatal 1 with DHA & Folic Acid, Softgels",1,34.99,34.99,25-09-2022
446,12,569-84-2672,Kathleen Ashley,94,think! Protein Bars Creamy Peanut Butter,0,11.99,0.0,27-10-2022
447,4,616-03-6453,Benjamin Fisher,0,"Waterpik Tip Storage Case with 6 Replacement Tips, TS-100E",1,15.99,15.99,08-12-2022
448,0,110-61-9168,Richard Brennan,152,Dove Dry Spray Antiperspirant Deodorant Clear Finish,27,8.49,229.23000000000002,11-10-2022
449,7,121-11-1335,Ronald Moore,149,Garnier Fructis Sleek & Shine Moroccan Sleek Oil Treatment for Frizzy Hair,4,5.29,21.16,22-09-2022
450,11,360-35-1496,Alexander Mcdonald,34,Boost High Protein Complete Nutritional Drink Chocolate Sensation,25,17.49,437.24999999999994,03-10-2022
451,1,037-10-4301,Gerald Moreno,155,Mueller Performance Sleeve Black,24,12.99,311.76,13-12-2022
452,1,854-26-9971,John Alexander,25,Aquaphor 3 in 1 Diaper Rash Cream,29,7.99,231.71,21-11-2022
453,6,121-11-1335,Ronald Moore,29,SlimFast Advanced Nutrition High Protein Smoothie Vanilla Cream,15,14.49,217.35,20-12-2022
454,13,125-20-9088,John Jacobs,128,Gun Oil H2O Water Based Lubricant Unscented,23,32.99,758.7700000000001,11-10-2022
455,8,758-05-4161,Lauren Parsons,35,Vichy Mineral Thermal Spa Water Spray from French Volcanoes,27,4.09,110.42999999999999,06-11-2022
456,11,320-73-0469,Chad Clark Jr.,130,Celeste Stein Box 8-15 mmhg Compression Sock Grey,4,5.99,23.96,30-09-2022
457,10,008-39-4585,Alexandra Williamson,8,Snow Regular Strength Whitening Wands Refill - Silver,23,19.99,459.77,29-11-2022
458,3,069-08-5652,Jenny Stafford,186,Walgreens Foundation Brush,25,3.99,99.75,07-11-2022
459,14,635-82-8656,Catherine Butler,135,"Tide +Downy Free, Liquid Laundry Detergent, Unscented",29,12.99,376.71,31-10-2022
460,8,667-42-8233,John Le,139,Gillette Sensor 2 Disposable Razors,12,6.79,81.48,29-10-2022
461,3,557-28-4898,William Bowen,177,Paul Mitchell Soft Sculpting Spray Gel,2,10.0,20.0,09-10-2022
462,9,356-30-1860,Amber Wallace,199,West Loop Sunglasses Brothers,30,12.99,389.7,05-11-2022
463,11,479-57-6026,Keith Jones,90,"Burt's Bees 100% Natural Origin Moisturizing Lip Balm Original Beeswax with Vitamin E & Peppermint Oil, Beeswax, 4 Tubes",16,9.59,153.44,06-11-2022
464,0,819-78-8966,Jill Carlson,0,"Waterpik Tip Storage Case with 6 Replacement Tips, TS-100E",4,15.99,63.96,22-10-2022
465,11,430-40-5436,Lori Mckenzie,167,Raid Essentials Multi-Insect Killer 29,28,9.49,265.72,07-10-2022
466,2,580-45-5915,Connor Rodriguez,125,Green Toys Scooper Construction Truck,23,16.99,390.77,20-11-2022
467,10,775-33-5075,Regina Gutierrez,70,Aussie Headstrong Volume Spray Hair Gel Maximum Hold,30,3.99,119.7,23-10-2022
468,13,781-65-1844,Haley Fuller,10,21st Century Acidophilus High-Potency Capsules,5,9.99,49.95,13-12-2022
469,5,149-55-3370,Lori Lee,51,Paul Mitchell Sculpting Gel,20,11.0,220.0,02-10-2022
470,8,615-94-1814,Kimberly Wood,37,Burt's Bees 3 in 1 Micellar Facial Cleanser Towelettes Rose Water,20,4.99,99.80000000000001,22-10-2022
471,5,644-56-4698,Russell Little,162,DevaCurl Super Cream Styler,3,27.99,83.97,08-12-2022
472,10,755-29-0067,Samantha Yang,90,"Burt's Bees 100% Natural Origin Moisturizing Lip Balm Original Beeswax with Vitamin E & Peppermint Oil, Beeswax, 4 Tubes",25,9.59,239.75,10-11-2022
473,12,758-05-4161,Lauren Parsons,70,Aussie Headstrong Volume Spray Hair Gel Maximum Hold,24,3.99,95.76,08-11-2022
474,8,898-97-7763,Robert Blair,8,Snow Regular Strength Whitening Wands Refill - Silver,20,19.99,399.79999999999995,01-11-2022
475,3,823-79-7106,Jerry Smith,8,Snow Regular Strength Whitening Wands Refill - Silver,30,19.99,599.6999999999999,25-12-2022
476,6,506-60-2828,Stephanie Silva,69,Bud's Best Peanut Butter n' Graham,24,1.0,24.0,31-12-2022
477,2,641-16-9522,Penny Moore,11,"Vicks VapoCOOL Severe, Medicated Drops",23,5.99,137.77,24-10-2022
478,11,355-25-3304,Nicholas Turner,85,Schmidt's Natural Deodorant Stick Sage + Vetiver,20,9.99,199.8,12-11-2022
479,0,431-75-8508,Betty Rivera,58,Schmidt's Natural Deodorant Stick Sage + Vetiver,20,9.99,199.8,28-12-2022
480,11,544-83-8024,Joshua Jones,64,RXBAR Minis Protein Bar Variety Pack,11,10.99,120.89,26-11-2022
481,10,505-02-4106,James Graham,43,Walgreens Hand Sanitizer Clear,15,4.79,71.85,15-10-2022
482,13,866-47-9446,Steven Cunningham,156,AXE Body Wash Black,18,5.49,98.82000000000001,29-09-2022
483,6,558-62-5616,April Jensen,177,Paul Mitchell Soft Sculpting Spray Gel,21,10.0,210.0,25-09-2022
484,4,267-08-8990,Anna Larsen,7,"essie nail polish, sunny business collection, any-fin goes",25,9.0,225.0,06-12-2022
485,2,591-75-1633,Paul Turner,44,Medline Deluxe Comfort Rollator,28,110.0,3080.0,10-11-2022
486,3,782-56-6377,Daniel Wong,140,Studio 35 Dead Sea Mineral Face Mask,26,4.0,104.0,15-10-2022
487,14,486-44-5631,Brian Jimenez,164,Attends Underpads,17,49.99,849.83,25-12-2022
488,13,644-56-4698,Russell Little,116,Foligain Stimulating Supplement for Thinning Hair,28,24.99,699.7199999999999,28-11-2022
489,10,514-31-5571,Tonya Torres,151,Baby Bum Bubble Bath Natural Fragrance,19,9.99,189.81,01-11-2022
490,13,129-43-9396,Christina Walker,93,West Loop Men's Thermal Set,3,15.99,47.97,27-12-2022
491,12,074-83-4933,Christopher Gordon,107,PetShoppe Retractable Pet Leash,11,9.99,109.89,13-10-2022
492,7,041-47-2947,John Avila,184,Walgreens Foundation Brush,21,3.99,83.79,22-12-2022
493,13,040-86-1587,Michael Mcneil,195,Tukol Severe Congestion & Cough Relief Liquid,19,10.99,208.81,21-09-2022
494,10,801-42-0576,Adrian Pratt,157,Sally Hansen Flirty Eyes Classic Eyelash Curler,23,3.99,91.77000000000001,22-11-2022
495,6,886-29-8133,Keith Brooks,41,Biore Deep Cleansing Charcoal Pore Strips,4,16.99,67.96,15-12-2022
496,6,668-14-1912,Brianna Howard,113,Raw Sugar Sensitive Skin Whipped Body Polish - Green Tea + Cucumber + Aloe Vera,26,14.99,389.74,23-12-2022
497,11,269-36-1813,Katrina Herrera,64,RXBAR Minis Protein Bar Variety Pack,2,10.99,21.98,18-12-2022
498,14,727-48-5878,Ian Morales,145,Walgreens Foundation Brush,0,3.99,0.0,28-10-2022
499,14,575-54-1109,Brian Jones,25,Aquaphor 3 in 1 Diaper Rash Cream,4,7.99,31.96,22-10-2022
